package,component
d3-array,.mean
d3-array,.deviation
d3-array,.variance
d3-array,.median
d3-array,.max
d3-array,.min
d3-array,.extent
d3-array,.sum
d3-array,.quantile
d3-array,.bisector
d3-array,.bisectRight
d3-array,.descending
d3-array,.scan
d3-array,.ascending
d3-array,.bisectLeft
d3-array,.bisect
d3-array,.tickIncrement
d3-array,.pairs
d3-array,.zip
d3-array,.permute
d3-array,.merge
d3-array,.cross
d3-array,.range
d3-array,.ticks
d3-array,.tickStep
d3-array,.transpose
d3-array,.shuffle
d3-array,.thresholdSturges
d3-array,.thresholdFreedmanDiaconis
d3-array,.thresholdScott
d3-array,.histogram
d3-axis,.axisRight
d3-axis,.axisBottom
d3-axis,.axisTop
d3-axis,.axisLeft
d3-brush,.brushSelection
d3-brush,.brushY
d3-brush,.brushX
d3-brush,.brush
d3-chord,.chord
d3-chord,.ribbon
d3-collection,.keys
d3-collection,.values
d3-collection,.entries
d3-collection,.map
d3-collection,.set
d3-collection,.nest
d3-color,.hsl
d3-color,.color
d3-color,.hcl
d3-color,.gray
d3-color,.lch
d3-color,.rgb
d3-color,.cubehelix
d3-color,.lab
d3-scale-chromatic,.schemePiYG
d3-scale-chromatic,.schemeOrRd
d3-scale-chromatic,.schemeSet3
d3-scale-chromatic,.schemeReds
d3-scale-chromatic,.interpolateCool
d3-scale-chromatic,.schemeRdBu
d3-scale-chromatic,.interpolateOrRd
d3-scale-chromatic,.schemeGreens
d3-scale-chromatic,.schemeOranges
d3-scale-chromatic,.schemeYlGnBu
d3-scale-chromatic,.interpolatePRGn
d3-scale-chromatic,.schemePuBuGn
d3-scale-chromatic,.interpolatePuBuGn
d3-scale-chromatic,.interpolateRainbow
d3-scale-chromatic,.interpolateBuGn
d3-scale-chromatic,.schemeRdGy
d3-scale-chromatic,.interpolateCubehelixDefault
d3-scale-chromatic,.interpolateMagma
d3-scale-chromatic,.interpolatePuBu
d3-scale-chromatic,.schemeSet2
d3-scale-chromatic,.interpolateSinebow
d3-scale-chromatic,.schemeGnBu
d3-scale-chromatic,.interpolateRdPu
d3-scale-chromatic,.interpolateBrBG
d3-scale-chromatic,.schemePuRd
d3-scale-chromatic,.schemePastel1
d3-scale-chromatic,.schemePRGn
d3-scale-chromatic,.interpolateGreens
d3-scale-chromatic,.interpolateOranges
d3-scale-chromatic,.interpolateReds
d3-scale-chromatic,.schemeGreys
d3-scale-chromatic,.interpolatePlasma
d3-scale-chromatic,.schemePuBu
d3-scale-chromatic,.schemeDark2
d3-scale-chromatic,.schemeBuGn
d3-scale-chromatic,.schemePastel2
d3-scale-chromatic,.interpolateRdGy
d3-scale-chromatic,.interpolateGnBu
d3-scale-chromatic,.interpolateWarm
d3-scale-chromatic,.schemeCategory10
d3-scale-chromatic,.interpolateGreys
d3-scale-chromatic,.schemeYlGn
d3-scale-chromatic,.interpolateRdYlGn
d3-scale-chromatic,.interpolateBuPu
d3-scale-chromatic,.interpolateRdBu
d3-scale-chromatic,.interpolateInferno
d3-scale-chromatic,.interpolatePurples
d3-scale-chromatic,.interpolatePuOr
d3-scale-chromatic,.schemeYlOrRd
d3-scale-chromatic,.schemeSet1
d3-scale-chromatic,.schemeRdYlBu
d3-scale-chromatic,.schemeYlOrBr
d3-scale-chromatic,.interpolateRdYlBu
d3-scale-chromatic,.schemePuOr
d3-scale-chromatic,.schemeBuPu
d3-scale-chromatic,.schemeRdPu
d3-scale-chromatic,.interpolateYlGn
d3-scale-chromatic,.schemeSpectral
d3-scale-chromatic,.interpolateBlues
d3-scale-chromatic,.interpolatePuRd
d3-scale-chromatic,.schemePaired
d3-scale-chromatic,.schemeRdYlGn
d3-scale-chromatic,.schemeAccent
d3-scale-chromatic,.schemeBrBG
d3-scale-chromatic,.interpolateYlOrRd
d3-scale-chromatic,.interpolateViridis
d3-scale-chromatic,.schemeBlues
d3-scale-chromatic,.schemePurples
d3-scale-chromatic,.interpolateYlOrBr
d3-scale-chromatic,.interpolatePiYG
d3-scale-chromatic,.interpolateSpectral
d3-scale-chromatic,.interpolateYlGnBu
d3-contour,.contours
d3-contour,.contourDensity
d3-dispatch,.dispatch
d3-drag,.drag
d3-drag,.dragDisable
d3-drag,.dragEnable
d3-dsv,.dsvFormat
d3-dsv,.tsvFormatRows
d3-dsv,.tsvFormat
d3-dsv,.csvFormat
d3-dsv,.csvParseRows
d3-dsv,.csvFormatRows
d3-dsv,.tsvParse
d3-dsv,.csvParse
d3-dsv,.tsvParseRows
d3-ease,.easeCircleInOut
d3-ease,.easeExpOut
d3-ease,.easeCubicInOut
d3-ease,.easeElasticInOut
d3-ease,.easeBackIn
d3-ease,.easeBackInOut
d3-ease,.easeBack
d3-ease,.easeSinInOut
d3-ease,.easeSinOut
d3-ease,.easeCircle
d3-ease,.easeElasticOut
d3-ease,.easeCubic
d3-ease,.easeElastic
d3-ease,.easeBounceIn
d3-ease,.easeQuadInOut
d3-ease,.easeBounceOut
d3-ease,.easeBackOut
d3-ease,.easeExp
d3-ease,.easeQuadOut
d3-ease,.easeExpIn
d3-ease,.easeCircleOut
d3-ease,.easeCubicIn
d3-ease,.easeQuad
d3-ease,.easeCubicOut
d3-ease,.easeSinIn
d3-ease,.easeSin
d3-ease,.easeExpInOut
d3-ease,.easeBounce
d3-ease,.easeElasticIn
d3-ease,.easePolyIn
d3-ease,.easeQuadIn
d3-ease,.easePolyInOut
d3-ease,.easeBounceInOut
d3-ease,.easePolyOut
d3-ease,.easeCircleIn
d3-ease,.easeLinear
d3-fetch,.buffer
d3-fetch,.text
d3-fetch,.dsv
d3-fetch,.csv
d3-fetch,.json
d3-fetch,.tsv
d3-fetch,.blob
d3-fetch,.image
d3-force,.forceCenter
d3-force,.forceLink
d3-force,.forceManyBody
d3-force,.forceRadial
d3-force,.forceCollide
d3-force,.forceY
d3-force,.forceX
d3-force,.forceSimulation
d3-format,.formatLocale
d3-format,.formatSpecifier
d3-format,.formatPrefix
d3-format,.format
d3-format,.precisionPrefix
d3-format,.precisionRound
d3-format,.precisionFixed
d3-format,.formatDefaultLocale
d3-geo,.geoPath
d3-geo,.geoAzimuthalEquidistant
d3-geo,.geoProjection
d3-geo,.geoAzimuthalEqualArea
d3-geo,.geoStereographicRaw
d3-geo,.geoEquirectangular
d3-geo,.geoConicEqualArea
d3-geo,.geoAlbers
d3-geo,.geoConicEquidistant
d3-geo,.geoConicEquidistantRaw
d3-geo,.geoMercatorRaw
d3-geo,.geoGnomonic
d3-geo,.geoClipAntimeridian
d3-geo,.geoConicConformalRaw
d3-geo,.geoConicConformal
d3-geo,.geoTransverseMercator
d3-geo,.geoAzimuthalEquidistantRaw
d3-geo,.geoOrthographicRaw
d3-geo,.geoConicEqualAreaRaw
d3-geo,.geoEquirectangularRaw
d3-geo,.geoMercator
d3-geo,.geoClipCircle
d3-geo,.geoGnomonicRaw
d3-geo,.geoClipRectangle
d3-geo,.geoProjectionMutator
d3-geo,.geoTransverseMercatorRaw
d3-geo,.geoAlbersUsa
d3-geo,.geoOrthographic
d3-geo,.geoAzimuthalEqualAreaRaw
d3-geo,.geoStereographic
d3-geo,.geoStream
d3-geo,.geoGraticule
d3-geo,.geoCircle
d3-geo,.geoGraticule10
d3-geo,.geoTransform
d3-geo,.geoIdentity
d3-hierarchy,.treemapDice
d3-hierarchy,.treemapResquarify
d3-hierarchy,.treemapSlice
d3-hierarchy,.hierarchy
d3-hierarchy,.tree
d3-hierarchy,.stratify
d3-hierarchy,.treemapBinary
d3-hierarchy,.treemapSquarify
d3-hierarchy,.partition
d3-hierarchy,.packSiblings
d3-hierarchy,.pack
d3-hierarchy,.treemap
d3-hierarchy,.cluster
d3-hierarchy,.packEnclose
d3-hierarchy,.treemapSliceDice
d3-interpolate,.interpolateHslLong
d3-interpolate,.interpolateHclLong
d3-interpolate,.interpolateTransformSvg
d3-interpolate,.interpolateRound
d3-interpolate,.interpolateCubehelixLong
d3-interpolate,.interpolateString
d3-interpolate,.interpolateHsl
d3-interpolate,.interpolateDate
d3-interpolate,.interpolateHcl
d3-interpolate,.interpolateCubehelix
d3-interpolate,.interpolateObject
d3-interpolate,.quantize
d3-interpolate,.interpolate
d3-interpolate,.interpolateRgbBasis
d3-interpolate,.interpolateBasisClosed
d3-interpolate,.interpolateTransformCss
d3-interpolate,.piecewise
d3-interpolate,.interpolateRgb
d3-interpolate,.interpolateLab
d3-interpolate,.interpolateBasis
d3-interpolate,.interpolateRgbBasisClosed
d3-interpolate,.interpolateZoom
d3-interpolate,.interpolateArray
d3-interpolate,.interpolateNumber
d3-path,.path
d3-polygon,.polygonHull
d3-polygon,.polygonArea
d3-polygon,.polygonCentroid
d3-polygon,.polygonLength
d3-polygon,.polygonContains
d3-quadtree,.quadtree
d3-random,.randomLogNormal
d3-random,.randomExponential
d3-random,.randomUniform
d3-random,.randomNormal
d3-random,.randomBates
d3-random,.randomIrwinHall
d3-scale,.scaleTime
d3-scale,.scaleUtc
d3-scale,.scaleLog
d3-scale,.scalePow
d3-scale,.scaleIdentity
d3-scale,.scaleLinear
d3-scale,.scaleSqrt
d3-scale,.scaleSequential
d3-scale,.scaleQuantile
d3-scale,.scaleThreshold
d3-scale,.scaleQuantize
d3-scale,.scaleBand
d3-scale,.scaleOrdinal
d3-scale,.scaleImplicit
d3-scale,.scalePoint
d3-selection,.style
d3-selection,.matcher
d3-selection,.selector
d3-selection,.window
d3-selection,.selectorAll
d3-selection,.selectAll
d3-selection,.select
d3-selection,.selection
d3-selection,.creator
d3-selection,.create
d3-selection,.customEvent
d3-selection,.touches
d3-selection,.event
d3-selection,.mouse
d3-selection,.clientPoint
d3-selection,.touch
d3-selection,.local
d3-selection,.namespace
d3-selection,.namespaces
d3-shape,.arc
d3-shape,.pie
d3-shape,.line
d3-shape,.radialLine
d3-shape,.radialArea
d3-shape,.area
d3-shape,.curveCardinal
d3-shape,.curveStepBefore
d3-shape,.curveMonotoneY
d3-shape,.curveBasisOpen
d3-shape,.curveCatmullRomClosed
d3-shape,.curveCatmullRomOpen
d3-shape,.curveNatural
d3-shape,.curveStep
d3-shape,.curveBasis
d3-shape,.curveMonotoneX
d3-shape,.curveLinear
d3-shape,.curveLinearClosed
d3-shape,.curveCatmullRom
d3-shape,.curveBundle
d3-shape,.curveBasisClosed
d3-shape,.curveCardinalOpen
d3-shape,.curveCardinalClosed
d3-shape,.curveStepAfter
d3-shape,.linkHorizontal
d3-shape,.linkVertical
d3-shape,.linkRadial
d3-shape,.symbols
d3-shape,.symbolCircle
d3-shape,.symbolDiamond
d3-shape,.symbolStar
d3-shape,.symbolCross
d3-shape,.symbolWye
d3-shape,.symbolTriangle
d3-shape,.symbol
d3-shape,.symbolSquare
d3-shape,.stackOrderReverse
d3-shape,.stackOffsetDiverging
d3-shape,.stackOrderNone
d3-shape,.stackOffsetExpand
d3-shape,.stackOrderAscending
d3-shape,.stackOrderDescending
d3-shape,.stack
d3-shape,.stackOffsetNone
d3-shape,.stackOffsetWiggle
d3-shape,.stackOffsetSilhouette
d3-shape,.stackOrderInsideOut
d3-time-format,.isoParse
d3-time-format,.timeFormat
d3-time-format,.timeFormatLocale
d3-time-format,.timeFormatDefaultLocale
d3-time-format,.utcFormat
d3-time-format,.utcParse
d3-time-format,.isoFormat
d3-time-format,.timeParse
d3-time,.timeFriday
d3-time,.timeSecond
d3-time,.timeThursday
d3-time,.timeThursdays
d3-time,.timeHours
d3-time,.timeMonths
d3-time,.timeSeconds
d3-time,.timeWednesday
d3-time,.timeMilliseconds
d3-time,.timeSundays
d3-time,.timeMillisecond
d3-time,.timeDays
d3-time,.timeMondays
d3-time,.timeTuesday
d3-time,.timeWednesdays
d3-time,.timeMonth
d3-time,.timeWeeks
d3-time,.timeMonday
d3-time,.timeFridays
d3-time,.timeSaturday
d3-time,.timeYears
d3-time,.timeSunday
d3-time,.timeTuesdays
d3-time,.timeSaturdays
d3-time,.timeInterval
d3-time,.timeDay
d3-time,.timeHour
d3-time,.timeYear
d3-time,.timeMinute
d3-time,.timeWeek
d3-time,.timeMinutes
d3-timer,.timerFlush
d3-timer,.timeout
d3-timer,.now
d3-timer,.timer
d3-timer,.interval
d3-transition,.interrupt
d3-transition,.active
d3-transition,.transition
d3-voronoi,.voronoi
d3-zoom,.zoomIdentity
d3-zoom,.zoomTransform
d3-zoom,.zoom
