Project,,
lfvalderrama,,
Judgarciani,,
bsgarciac,,
Moimolcp,,
mnguzmanc,,
JoseMolano,,
jdsuarezj,,
capinillab,,
UNhcrodriguezl,,
jjrodriguezn,,
jmcuestasb,,
hsmartineza,,
annumunozme,,
sacastroc,,
camilo13152,,
DglyP,,
leavendanoro,,
fffeelipe,,
camilo654,,
DglyP,,
pcberriop,,
cdcordobaa,,
hsmartineza,,
gabi04,,
juandavidro,,
katherinsb,,
pipemax85,,
Janoguerab,,
janoguerab,,
CristianLozano,,
maikellPardoA,,
NicolasZon,,
CamiloRueda,,
juanescai,,
cap182,,
123,,
Mary,,
123,,
hannah,,
abc,,
Ironhack 5,,
annipi,,
Ironhack 6,,
jdsolanos,,
jcneivaa,,
fmbernalb,,
MogGy94,,
yocuervoc,,
Ironhack 1,,
odprietoh,,
NO JUDGING REQUIRED,,